{
    "train": {
        "loss": 1269.8356322021484,
        "acc": 0.9888176918029785
    },
    "eval": {
        "eval_acc": 0.9597565531730652,
        "eval_loss": 1246.1431579589844
    }
}